{"model_version": "bioclip-v1", "dim": 512, "embeddings": {"m. vir-1777154087": [-0.10229, -0.06901, 0.00563, 0.01397, -0.0388, 0.00498, -0.00518, 0.01313, 0.0141, 0.05459, 0.04017, -0.00564, -0.01981, -0.01899, 0.02479, -0.01221, -0.02634, -0.04531, 0.00764, 0.02978, -0.0734, 0.03665, 0.0432, -0.04507, -0.03359, 0.0233, -0.05102, 0.03866, -0.0267, -0.08049, -0.07016, -0.01104, 0.01151, -0.0483, -0.01179, -0.03026, 0.0298, -0.01267, -0.06499, 0.07756, -0.04123, 0.00461, 0.03279, -0.028, 0.02241, 0.0175, 0.00828, 0.03725, -0.06534, -0.05686, -0.00296, -0.05301, 0.05256, 0.01574, 0.07852, -0.05976, -0.00205, 0.01073, -0.00716, -0.03696, -0.00361, 0.02384, 0.00981, -0.02493, -0.05754, 0.00621, 0.00192, 0.00018, 0.04279, -0.01705, -0.04709, -0.0117, -0.03516, 0.03917, 0.00255, -0.04012, 0.02326, 0.01879, 0.0575, 0.00957, -0.03551, -0.16847, -0.02246, 0.01236, 0.05908, -0.01199, 0.07759, -0.06686, -0.00982, -0.00098, 0.03436, 0.03437, 0.00491, -0.10667, -0.00412, 0.02019, -0.09969, 0.00463, 0.01231, 0.03643, 0.02938, 0.04308, 0.02193, 0.00325, 0.01865, 0.07358, 0.02682, 0.10584, 0.01866, -0.00387, 0.05183, 0.0194, -0.02536, -0.11982, 0.01116, -0.00903, -0.03763, -0.03129, -0.04923, -0.02917, 0.0065, 0.02447, 0.02788, -0.0196, -0.02027, 0.00672, -0.05269, 0.01815, -0.01856, -0.03741, 0.0352, -0.04244, 0.00052, -0.0134, -0.01673, -0.02367, -0.01102, -0.00543, 0.00641, 0.03945, -0.01427, 0.02213, -0.01823, -0.06372, -0.01562, 0.03168, -0.02803, -0.01011, 0.01838, -0.00074, -0.02206, 0.07505, -0.11054, 0.02367, 0.00674, -0.01594, -0.0343, 0.04556, -0.04825, -0.03246, 0.00746, 0.02831, -0.01741, 0.04657, 0.04622, -0.00324, -0.02053, -0.00756, -0.06627, -0.05041, -0.0114, -0.01257, 0.00981, -0.03131, 0.02182, -0.04318, -0.03095, -0.04361, -0.06865, 0.03421, 0.02571, -0.0229, -0.02364, 0.01072, -0.06905, 0.05396, -0.01472, 0.02869, 0.00841, 0.03416, 0.02644, 0.05447, -0.03102, -0.00468, 0.09524, -0.00638, 0.07306, 0.02426, 0.03819, -0.01602, 0.00116, 0.00166, -0.04711, -0.03243, 0.01011, 0.06725, -0.00599, -0.01693, 0.06722, -0.02807, 0.02576, 0.0005, -0.01889, -0.0009, 0.06197, 0.00197, 0.00623, 0.06841, -0.072, -0.06607, 0.03963, -0.07813, 0.00624, 0.00012, 0.02596, -0.06579, -0.03627, -0.04645, 0.01218, 0.00126, -0.02295, -0.01799, -0.02103, 0.11269, -0.0385, -0.00029, 0.01916, -0.00653, -0.05404, -0.05705, 0.04058, 0.03509, -0.04664, 0.00448, 0.06662, 0.02784, 0.03645, 0.07072, 0.01132, 0.03946, 0.05331, -0.04445, 0.05648, 0.01092, 0.00816, -0.00722, 0.04889, -0.05667, -0.01837, -0.03434, -0.04784, 0.11832, -0.03081, -0.02555, -0.04873, -0.09123, 0.01298, -0.02901, -0.03676, -0.00923, -0.00896, 0.00295, 0.01481, -0.00887, 0.05204, -0.01971, 0.01399, -0.07914, -0.05195, 0.03503, -0.01936, -0.04773, -0.04536, -0.03045, 0.02091, -0.00535, 0.04951, 0.02975, 0.02708, -0.04675, -0.00695, 0.02485, -0.03856, 0.02418, 0.06848, 0.01636, 0.06219, -0.08218, 0.02513, -0.01978, -0.01865, -0.00779, -0.05048, 0.02278, -0.01816, -0.06622, 0.07229, 0.02518, 0.01166, -0.03024, -0.0165, 0.02798, -0.01588, -0.05569, -0.03752, 0.02638, 0.07335, -0.05591, 0.0252, -0.03147, 0.02298, -0.02759, 0.00379, -0.03322, 0.0303, 0.03418, 0.05849, -0.05467, 0.03878, -0.04118, 0.03004, -0.00136, -0.02665, 0.0064, -0.06714, -0.01615, -0.02505, -0.0129, 0.0242, -0.08281, -0.02232, -0.01875, 0.04134, -0.02164, 0.03208, -0.00637, -0.01598, 0.00065, 0.04743, -0.06686, -0.02635, -0.0444, 0.00913, 0.05449, -0.02184, -0.05921, -0.01209, -0.04115, -0.00561, 0.0241, 0.05059, 0.05743, 0.06776, -0.07085, 0.00923, 0.01391, -0.03992, 0.00088, -0.01431, -0.0197, 0.03129, 0.02355, -0.0093, 0.00965, -0.01362, 0.05717, 0.04199, 0.05904, 0.03501, 0.03122, 0.08269, 0.01134, -0.0407, 0.01397, -0.0313, 0.00177, 0.05572, 0.02925, 0.00768, -0.04404, 0.02498, 0.06271, -0.04145, 0.0349, 0.01845, -0.01342, -0.00904, 0.00115, 0.01204, 0.00577, -0.0373, 0.01037, 0.02078, -0.03915, 0.03533, 0.03353, 0.04757, 0.01679, 0.03053, -0.0119, -0.02093, 0.01143, 0.00448, -0.02635, -0.00255, -0.00924, 0.00403, -0.027, -0.00522, -0.00403, -0.02319, 0.09088, -0.0304, 0.01183, -0.07984, -0.02578, -0.04966, -0.00764, 0.00043, 0.00781, -0.0346, 0.02781, 0.00372, -0.05618, -0.00793, -0.03426, -0.04494, 0.01952, 0.01734, -0.00621, 0.03244, -0.0316, 0.4274, -0.00533, 0.03779, -0.00236, -0.08042, -0.01586, -0.10673, -0.07318, -0.01599, 0.02807, -0.0189, 0.07011, -0.01513, 0.00297, -0.00039, -0.0174, 0.03231, 0.05501, -0.01398, -0.06673, 0.04388, 0.01739, 0.02753, 0.0345, -0.03281, 0.05083, 0.01844, 0.01783, 0.04356, 0.00093, 0.01081, -0.03123, -0.0592, -0.06177, -0.0386, 0.07201, -0.00643, -0.02025, -0.04253, 0.06759, 0.0571, -0.07326, 0.00839, 0.00968, 0.0047, 0.00219, -0.01598, -0.05787, -0.01568, -0.03547, -0.06365, 0.0655, -0.03249, -0.00699, 0.03443, 0.02995, 0.00776, -0.02613, 0.04149, -0.01725, -0.05442, -0.01628, 0.0545, 0.05869, -0.0474, -0.03512, -0.02109, 0.03602, 0.01446, 0.01386]}}
